Study_Hours,Attendance,Previous_Marks,Assignment_Score,Sleep_Hours,Final_Score,Performance
4.4,86.4,46.1,68.7,5.3,46.9,Fail
9.6,79.1,67.5,66.1,5.2,63.2,Pass
7.6,68.9,87.4,36.7,8.5,58.9,Pass
6.4,91.6,78.9,57.2,5.2,57.1,Pass
2.4,85.8,83.4,59.7,5.4,47.9,Fail
2.4,62.3,74.5,60.9,7.8,43.9,Fail
1.5,96.0,76.5,72.7,6.2,50.1,Pass
8.8,92.0,86.0,69.7,7.9,76.1,Pass
6.4,97.7,50.0,74.5,4.3,55.4,Pass
7.4,87.7,64.4,84.7,6.4,47.3,Fail
1.2,82.6,48.3,87.8,4.2,43.9,Fail
9.7,73.8,94.3,81.7,4.3,70.9,Pass
8.5,97.0,91.6,97.1,8.5,80.0,Pass
2.9,94.0,37.4,36.2,4.7,29.1,Fail
2.6,57.0,77.3,47.7,6.7,45.9,Fail
2.7,56.2,90.5,35.5,6.1,45.3,Fail
3.7,71.9,45.8,77.1,5.7,38.5,Fail
5.7,91.5,69.1,93.4,8.5,67.2,Pass
4.9,99.4,89.9,50.8,4.1,50.4,Pass
3.6,61.8,37.0,95.3,7.3,37.1,Fail
6.5,81.7,76.8,38.9,8.8,50.8,Pass
2.3,72.1,52.8,95.7,6.8,51.7,Pass
3.6,98.6,90.5,57.9,8.7,64.5,Pass
4.3,92.9,93.3,41.6,4.3,54.2,Pass
5.1,92.7,91.7,66.6,6.1,64.9,Pass
8.1,76.1,63.5,51.7,5.3,54.0,Pass
2.8,73.7,86.7,53.5,7.7,46.3,Fail
5.6,67.3,85.7,55.0,8.9,58.1,Pass
6.3,57.5,54.1,87.2,5.3,53.8,Pass
1.4,93.9,84.7,70.0,7.3,57.3,Pass
6.5,91.6,37.2,55.2,5.0,49.5,Fail
2.5,100.0,70.8,74.7,6.8,57.1,Pass
1.6,99.8,48.8,81.5,6.3,47.8,Fail
9.5,80.0,42.2,52.7,8.9,58.8,Pass
9.7,89.6,39.6,61.9,7.0,54.9,Pass
8.3,97.5,76.8,42.9,5.7,54.0,Pass
3.7,93.2,55.4,46.8,4.6,39.8,Fail
1.9,66.1,78.5,79.3,4.8,42.8,Fail
7.2,75.3,38.9,46.8,5.1,37.0,Fail
5.0,60.8,53.9,69.1,5.3,42.2,Fail
2.1,97.9,67.4,81.1,8.3,50.7,Pass
5.5,82.3,82.4,41.9,6.8,50.4,Pass
1.3,65.3,54.1,71.9,6.6,28.6,Fail
9.2,85.2,72.6,51.7,4.6,58.6,Pass
3.3,82.8,88.2,97.6,8.3,64.6,Pass
7.0,71.1,72.0,66.4,7.6,52.9,Pass
3.8,60.1,49.0,87.4,4.3,45.4,Fail
5.7,85.2,36.5,70.8,7.5,51.9,Pass
5.9,78.4,87.2,37.8,6.7,44.3,Fail
2.7,89.8,36.3,76.2,4.4,35.3,Fail
9.7,78.4,87.5,96.8,6.3,71.2,Pass
8.0,93.3,66.7,74.1,6.4,57.8,Pass
9.5,79.8,91.3,88.2,4.8,76.2,Pass
9.1,80.2,82.9,92.5,8.7,73.5,Pass
6.4,94.4,94.9,49.8,8.2,62.4,Pass
9.3,73.2,56.0,48.8,7.3,42.8,Fail
1.8,61.0,81.0,74.7,6.3,49.9,Fail
2.8,56.3,59.1,61.7,6.1,31.7,Fail
1.4,89.0,63.8,89.6,7.3,51.5,Pass
3.9,82.9,72.7,93.5,6.7,59.8,Pass
4.5,86.7,87.4,58.0,4.3,59.9,Pass
3.4,64.6,94.0,50.4,6.6,42.6,Fail
8.5,61.1,81.1,85.7,8.0,51.2,Pass
4.2,55.7,60.1,52.9,6.3,40.1,Fail
3.5,70.8,60.3,88.5,4.3,56.2,Pass
5.9,81.5,79.3,62.5,7.9,64.4,Pass
2.3,72.7,49.3,78.4,5.0,41.0,Fail
8.2,74.7,41.6,41.2,5.3,39.7,Fail
1.7,95.7,56.3,75.6,4.8,48.5,Fail
9.9,70.7,52.2,64.4,5.7,49.7,Fail
8.0,78.1,52.8,73.1,7.8,59.1,Pass
2.8,90.3,49.0,45.9,6.6,40.8,Fail
1.0,72.8,37.5,82.9,5.0,40.0,Fail
8.3,83.0,36.1,91.1,8.4,72.3,Pass
7.4,93.8,94.3,49.1,8.4,67.6,Pass
7.6,97.7,60.7,41.2,8.4,52.3,Pass
7.9,61.6,58.1,36.5,5.2,42.4,Fail
1.7,96.7,75.8,76.7,6.3,43.7,Fail
4.2,77.1,48.1,74.5,8.9,44.9,Fail
2.0,66.6,92.0,70.5,7.9,50.4,Pass
8.8,75.7,82.2,50.1,4.1,54.0,Pass
6.6,99.1,40.4,60.4,4.3,47.5,Fail
4.0,77.2,60.1,73.6,6.3,44.1,Fail
1.6,69.8,87.7,67.3,8.5,56.4,Pass
3.8,83.5,91.7,99.2,6.7,65.4,Pass
3.9,65.8,63.0,43.9,6.5,39.4,Fail
7.6,58.4,71.8,80.2,4.5,53.8,Pass
6.7,60.8,45.0,61.3,7.3,45.3,Fail
9.0,60.8,94.5,62.8,8.1,69.9,Pass
5.2,61.8,48.9,81.6,5.9,41.6,Fail
2.1,61.2,91.6,80.0,7.9,50.5,Pass
7.4,83.8,74.0,99.4,8.8,69.1,Pass
7.8,63.2,71.5,43.3,5.0,41.3,Fail
6.1,70.6,65.8,41.8,6.6,41.6,Fail
7.9,95.4,48.8,82.1,5.4,55.7,Pass
5.4,76.3,45.6,72.6,8.0,52.9,Pass
5.7,85.0,48.2,52.8,6.9,46.8,Fail
4.8,62.8,46.2,40.2,7.2,36.6,Fail
1.2,63.7,81.8,40.6,8.0,43.9,Fail
2.0,56.8,56.0,93.1,6.0,42.3,Fail
1.3,62.6,38.5,47.5,8.6,31.1,Fail
6.7,67.5,93.1,56.0,6.7,57.7,Pass
3.8,63.0,88.0,49.7,4.8,46.9,Fail
5.6,59.0,90.7,58.1,7.5,51.9,Pass
9.2,60.4,94.7,39.5,8.0,48.0,Fail
3.2,75.7,45.4,68.7,5.6,39.0,Fail
4.7,64.3,58.8,39.4,8.3,47.8,Fail
7.8,71.4,80.5,87.0,8.5,72.2,Pass
3.1,77.7,76.8,50.2,5.4,49.3,Fail
1.7,86.1,44.2,70.1,8.9,48.6,Fail
3.6,56.8,83.9,92.2,4.7,53.6,Pass
2.5,91.0,48.5,77.3,5.0,44.6,Fail
9.4,83.3,48.4,69.6,4.9,52.1,Pass
8.3,58.7,67.2,56.1,8.5,52.8,Pass
6.7,94.3,70.6,56.6,7.3,60.8,Pass
8.8,96.4,69.8,78.5,4.8,71.0,Pass
8.2,57.7,40.5,99.6,6.2,53.4,Pass
2.7,67.5,87.6,78.0,7.1,51.5,Pass
9.0,91.3,50.9,71.3,4.4,56.4,Pass
5.9,88.7,42.8,82.5,8.4,57.3,Pass
8.3,63.3,88.3,65.2,8.0,56.1,Pass
9.1,64.4,92.3,38.9,6.5,46.6,Fail
3.9,71.7,86.7,71.5,8.8,54.6,Pass
2.0,76.8,83.6,97.2,6.1,50.4,Pass
3.1,82.8,74.3,46.4,8.9,45.4,Fail
4.8,71.6,68.1,79.9,7.3,53.3,Pass
8.4,75.8,40.2,48.1,7.2,44.1,Fail
8.7,88.6,59.5,69.8,4.8,65.2,Pass
1.1,56.7,57.4,41.3,8.4,33.0,Fail
5.6,66.4,50.6,64.3,6.1,45.7,Fail
4.8,87.1,78.4,84.2,4.8,61.4,Pass
3.0,95.3,64.8,57.6,4.1,38.7,Fail
2.1,78.0,39.9,78.2,6.8,45.1,Fail
4.0,78.9,48.2,86.7,6.6,48.3,Fail
9.5,59.8,76.0,95.3,7.6,72.0,Pass
3.9,75.1,39.6,50.3,8.5,32.9,Fail
5.7,79.0,86.1,61.0,4.4,46.9,Fail
7.3,65.9,64.7,44.9,7.7,53.2,Pass
4.3,67.1,63.8,99.5,4.9,54.7,Pass
9.7,72.0,70.5,95.3,8.3,66.2,Pass
9.7,55.9,84.5,70.1,8.1,60.8,Pass
3.3,69.5,55.9,89.7,6.7,54.0,Pass
5.5,64.5,75.7,68.9,7.6,48.1,Fail
3.7,69.7,68.9,75.5,5.6,56.6,Pass
3.6,60.4,51.0,40.8,6.4,28.7,Fail
1.3,95.1,87.7,84.1,8.1,62.1,Pass
6.5,81.7,82.8,43.3,6.3,52.2,Pass
5.5,85.6,74.5,88.7,5.8,63.7,Pass
1.5,90.5,86.0,85.8,6.5,53.7,Pass
3.5,77.4,87.0,81.1,8.1,58.5,Pass
9.2,58.9,77.5,37.4,5.7,51.7,Pass
3.2,79.2,85.2,54.7,4.9,43.0,Fail
2.3,81.4,76.8,52.1,7.6,50.2,Pass
5.4,88.5,75.8,58.4,8.1,54.1,Pass
9.9,74.4,72.1,40.7,4.5,52.7,Pass
3.2,60.7,80.2,95.9,5.2,48.5,Fail
7.0,67.8,44.5,71.0,4.7,32.9,Fail
7.9,71.3,87.9,54.9,5.7,57.6,Pass
3.1,84.1,87.3,60.8,6.3,64.7,Pass
7.6,80.7,36.8,64.1,7.7,53.1,Pass
4.3,71.0,84.5,74.0,7.3,56.2,Pass
6.7,99.4,42.7,68.5,7.1,51.8,Pass
6.7,82.3,55.1,94.8,5.8,58.5,Pass
5.8,65.7,79.6,67.3,8.2,59.2,Pass
1.8,59.6,44.6,99.5,6.4,35.9,Fail
8.5,61.9,84.1,90.3,8.9,75.1,Pass
3.9,66.1,84.9,48.6,7.2,51.6,Pass
2.7,62.2,65.4,95.5,4.6,51.0,Pass
1.4,63.4,35.4,42.6,7.4,28.1,Fail
6.3,67.8,52.2,88.1,5.6,51.9,Pass
7.1,62.8,72.0,59.7,7.4,56.9,Pass
1.1,95.4,93.9,92.1,4.3,60.8,Pass
5.6,58.6,72.9,91.4,4.9,52.9,Pass
3.0,78.6,50.6,87.4,8.3,46.4,Fail
6.8,73.5,73.0,86.4,5.1,59.8,Pass
2.6,99.2,67.4,54.8,8.2,57.1,Pass
7.2,60.0,81.8,40.3,5.4,42.7,Fail
4.5,72.9,41.4,61.2,7.2,33.5,Fail
9.4,98.6,80.7,46.3,7.5,66.0,Pass
2.2,93.9,67.5,80.2,6.6,52.1,Pass
4.1,91.8,92.8,57.5,5.5,57.1,Pass
2.0,66.6,55.5,98.4,5.1,46.3,Fail
9.3,62.7,73.0,76.7,4.2,58.0,Pass
8.9,85.1,90.9,88.5,5.5,80.0,Pass
3.3,96.8,41.2,43.6,7.3,30.6,Fail
6.9,80.1,91.2,91.0,8.7,67.6,Pass
8.4,80.7,76.3,95.0,8.4,70.8,Pass
6.0,67.6,39.1,66.7,7.8,36.3,Fail
5.8,89.6,53.1,74.4,7.9,53.8,Pass
3.2,63.4,77.5,84.7,7.3,61.2,Pass
1.8,69.6,39.0,46.4,5.3,27.6,Fail
9.1,74.1,69.9,67.7,8.5,64.1,Pass
9.1,77.8,55.8,60.9,7.4,50.1,Pass
6.7,65.9,72.3,44.5,6.8,45.8,Fail
4.1,60.2,37.7,58.9,4.6,30.7,Fail
4.1,82.5,87.3,39.4,6.2,47.4,Fail
7.5,68.0,93.4,36.7,6.3,61.3,Pass
9.1,81.2,93.1,43.8,8.3,67.9,Pass
9.0,61.9,80.0,97.6,6.7,63.1,Pass
8.0,76.7,42.8,70.7,5.9,51.8,Pass
6.8,79.0,80.5,97.8,8.9,72.5,Pass
1.8,57.3,36.5,63.1,4.6,33.4,Fail
2.5,70.1,36.3,55.3,6.1,39.5,Fail
9.1,61.0,54.4,67.9,4.2,45.5,Fail
6.5,57.9,64.3,63.6,7.7,46.3,Fail
1.1,99.5,81.2,41.9,8.6,41.2,Fail
1.9,69.5,76.0,76.7,5.4,45.4,Fail
7.0,91.4,61.8,49.0,8.3,56.8,Pass
1.0,66.5,51.4,75.3,5.5,41.3,Fail
2.4,85.7,94.8,77.3,8.6,60.1,Pass
5.9,89.2,60.6,44.9,7.8,48.0,Fail
7.2,81.8,62.1,39.0,8.0,50.9,Pass
6.9,76.2,44.8,85.7,4.1,46.0,Fail
3.0,73.5,82.7,64.9,8.8,63.3,Pass
7.4,70.7,76.6,38.8,7.6,44.2,Fail
3.1,96.8,48.2,99.7,5.5,53.1,Pass
3.9,92.4,39.9,38.8,8.1,48.6,Fail
7.7,98.4,75.8,80.2,5.4,65.9,Pass
6.8,60.6,74.3,98.9,8.4,63.2,Pass
8.6,87.9,51.4,50.5,4.6,48.3,Fail
6.9,97.2,92.1,44.2,7.5,61.4,Pass
6.1,63.2,44.1,42.9,6.7,44.9,Fail
1.8,58.0,60.9,54.7,4.5,21.8,Fail
4.3,88.4,91.6,41.6,5.2,58.9,Pass
3.4,80.9,60.2,80.0,4.1,39.5,Fail
3.2,92.9,73.3,39.0,6.3,43.6,Fail
9.8,61.3,58.9,68.1,5.5,53.0,Pass
4.5,90.8,51.5,99.8,7.0,59.8,Pass
9.0,64.1,94.0,87.9,5.5,61.4,Pass
6.7,62.4,59.6,75.0,5.5,52.8,Pass
8.2,62.4,88.6,54.9,7.7,70.2,Pass
5.5,91.7,48.8,75.6,4.2,42.2,Fail
6.2,84.9,47.8,69.3,8.5,53.4,Pass
5.4,78.5,36.9,62.7,8.3,41.0,Fail
2.8,71.1,74.1,43.5,7.3,44.4,Fail
7.5,94.5,57.1,92.6,7.0,64.2,Pass
3.5,72.7,86.9,64.2,8.5,51.4,Pass
1.2,91.7,63.4,47.7,4.9,40.2,Fail
6.8,74.8,93.1,58.9,4.4,66.9,Pass
2.6,72.0,46.1,61.9,5.2,34.7,Fail
9.5,75.8,87.1,88.8,8.0,77.6,Pass
9.6,68.6,81.6,82.7,4.2,58.6,Pass
9.2,88.6,81.3,85.0,6.9,67.1,Pass
4.3,77.6,85.7,35.7,9.0,52.8,Pass
1.1,65.4,80.7,62.1,8.3,52.6,Pass
9.4,95.5,72.6,66.3,6.6,67.8,Pass
4.9,72.3,42.9,36.2,4.3,30.8,Fail
9.7,79.5,37.0,51.9,8.2,51.2,Pass
9.7,95.8,90.3,84.4,7.0,70.8,Pass
8.7,83.1,72.0,43.9,4.6,56.9,Pass
3.7,60.3,82.8,69.8,4.5,52.3,Pass
4.5,97.3,63.9,49.0,8.5,48.7,Fail
8.7,83.2,42.0,35.8,7.3,43.7,Fail
3.9,70.1,42.5,50.7,8.1,39.1,Fail
2.5,61.3,76.1,98.4,8.4,53.1,Pass
6.0,90.7,60.8,87.1,6.9,59.3,Pass
9.4,82.9,47.0,97.4,6.6,74.1,Pass
7.3,79.0,64.5,66.7,6.2,54.1,Pass
6.1,95.2,38.9,42.1,5.6,39.6,Fail
1.9,90.5,69.9,70.6,6.2,45.1,Fail
6.5,61.8,51.1,64.5,7.9,51.3,Pass
9.9,69.0,82.9,89.9,7.0,70.4,Pass
2.3,66.2,53.6,41.4,8.5,31.7,Fail
5.7,88.5,62.3,66.7,6.2,59.7,Pass
8.9,56.5,35.7,44.8,7.0,48.3,Fail
7.7,80.6,39.3,56.1,7.2,44.5,Fail
7.3,89.3,58.5,82.9,7.0,51.3,Pass
7.3,94.5,63.8,65.9,7.5,64.6,Pass
4.2,70.4,71.0,59.4,5.2,42.3,Fail
3.6,92.0,52.5,60.6,6.6,49.1,Fail
8.3,60.0,76.7,64.9,4.5,45.0,Fail
8.3,93.1,86.6,86.0,5.9,75.9,Pass
8.8,60.7,81.8,93.0,6.4,60.9,Pass
9.2,72.9,37.4,97.1,7.3,62.7,Pass
5.6,90.9,63.8,86.1,8.8,61.8,Pass
5.5,61.7,41.3,55.5,7.0,34.3,Fail
8.2,65.3,49.5,79.7,7.7,53.1,Pass
6.8,87.5,94.2,63.4,6.5,67.8,Pass
7.3,87.4,43.5,51.6,7.2,48.7,Fail
8.2,83.9,64.9,89.7,4.4,64.9,Pass
9.0,86.2,72.1,37.5,5.3,64.3,Pass
4.0,79.4,77.1,93.6,5.8,50.3,Pass
4.4,66.3,68.6,65.0,6.4,55.5,Pass
1.8,70.6,35.6,76.4,4.2,33.4,Fail
6.2,63.2,54.6,77.9,4.7,43.3,Fail
1.3,95.9,66.1,93.2,5.4,45.0,Fail
5.2,81.3,40.3,76.4,8.9,48.6,Fail
5.9,73.0,56.0,74.9,5.7,54.6,Pass
3.6,75.8,37.0,39.3,6.4,31.0,Fail
6.3,97.6,39.7,68.7,5.0,56.0,Pass
1.3,61.9,58.8,44.8,7.1,25.3,Fail
1.3,81.4,43.0,82.9,5.4,39.2,Fail
8.4,77.8,69.1,68.3,5.0,51.6,Pass
4.2,82.5,76.4,79.2,6.6,58.2,Pass
2.1,55.8,83.0,37.7,4.0,39.3,Fail
5.7,94.2,47.0,40.5,4.0,38.3,Fail
7.9,96.9,45.0,81.6,5.1,43.8,Fail
2.9,80.4,41.3,39.7,4.2,30.8,Fail
6.6,86.3,73.2,39.6,4.5,51.2,Pass
1.8,96.5,77.4,35.8,5.7,44.3,Fail
1.5,86.8,36.9,97.2,8.0,51.8,Pass
5.8,61.9,91.2,82.9,6.9,56.1,Pass
5.9,80.9,38.1,58.0,6.6,46.4,Fail
6.7,82.3,67.5,54.3,5.5,57.6,Pass
7.5,74.1,77.5,57.7,8.7,50.5,Pass
9.8,88.1,87.3,85.4,6.0,75.5,Pass
5.6,97.0,77.8,78.0,4.4,57.3,Pass
3.9,96.7,83.1,47.0,7.1,52.7,Pass
8.2,75.3,55.4,46.3,4.6,48.6,Fail
3.4,60.1,83.9,41.4,5.7,39.4,Fail
5.0,99.3,39.8,77.9,6.5,46.7,Fail
1.7,92.8,88.7,84.7,8.4,60.3,Pass
1.2,60.6,67.9,52.2,6.5,30.5,Fail
9.7,96.4,84.0,36.4,7.5,58.5,Pass
8.5,94.1,62.1,40.3,9.0,60.4,Pass
7.3,78.3,73.6,97.9,4.7,58.2,Pass
4.7,81.6,66.6,54.2,5.4,50.0,Pass
2.6,73.0,78.9,85.0,6.0,54.8,Pass
2.4,57.5,39.9,75.6,6.1,26.3,Fail
3.3,70.1,38.6,59.8,6.1,31.7,Fail
5.9,91.1,49.8,48.4,8.5,54.4,Pass
7.4,55.2,44.6,42.9,7.6,35.6,Fail
6.9,70.0,87.3,75.0,7.0,60.2,Pass
3.5,72.9,48.2,85.4,5.5,47.0,Fail
9.6,79.2,93.6,76.9,8.1,77.9,Pass
7.6,96.4,55.2,69.5,8.8,59.2,Pass
6.0,70.6,45.9,37.7,8.1,37.2,Fail
6.5,70.6,82.4,98.0,4.0,69.6,Pass
4.8,88.2,74.5,86.9,7.2,69.6,Pass
3.2,75.3,64.9,54.0,4.3,45.1,Fail
4.2,65.1,68.3,98.7,5.3,54.2,Pass
7.8,75.4,78.2,74.1,4.3,55.3,Pass
1.1,61.3,48.7,72.9,7.0,31.8,Fail
2.0,62.9,94.8,83.6,7.4,57.8,Pass
1.4,77.4,93.5,87.8,4.6,56.2,Pass
1.4,73.9,74.0,77.7,5.9,53.6,Pass
8.7,96.2,47.0,43.3,6.3,54.1,Pass
7.3,71.3,75.8,57.0,5.8,46.8,Fail
5.3,81.1,39.3,95.3,4.6,54.3,Pass
1.9,83.5,36.8,49.6,6.1,26.6,Fail
5.4,55.6,50.5,59.2,7.8,40.4,Fail
5.3,84.9,62.8,63.1,4.4,49.8,Fail
2.6,63.0,87.1,63.6,4.4,55.6,Pass
4.9,98.2,78.6,74.8,5.8,75.2,Pass
4.6,61.7,79.6,96.3,8.7,63.9,Pass
6.5,73.7,60.5,50.6,7.3,47.7,Fail
6.7,58.8,55.8,42.9,7.4,45.5,Fail
1.4,99.9,57.3,47.8,5.8,43.6,Fail
4.4,77.6,94.3,92.7,7.0,63.5,Pass
6.6,81.8,37.4,77.0,4.1,55.2,Pass
5.5,58.0,87.0,53.6,7.2,53.0,Pass
8.7,88.7,69.7,88.0,8.6,72.6,Pass
6.9,64.4,61.3,91.0,7.1,61.0,Pass
2.5,95.4,78.5,90.0,8.4,62.8,Pass
1.6,64.2,64.2,94.7,7.6,52.6,Pass
6.8,63.6,87.4,51.4,4.6,49.2,Fail
1.2,56.6,89.0,84.1,8.5,49.1,Fail
6.3,76.2,60.3,64.9,4.3,43.1,Fail
9.5,80.4,51.6,89.7,6.7,65.1,Pass
6.2,58.0,70.5,82.4,4.7,56.5,Pass
4.5,89.9,89.7,85.5,4.1,63.4,Pass
6.8,75.4,47.6,77.7,6.1,59.4,Pass
5.1,78.6,72.4,46.5,5.5,46.9,Fail
5.9,74.8,72.9,70.4,6.4,58.4,Pass
9.5,73.0,79.0,99.0,6.9,66.8,Pass
4.5,80.2,42.9,95.9,4.2,45.9,Fail
9.7,62.0,77.9,37.8,4.6,55.6,Pass
9.1,63.2,89.5,45.7,6.8,63.3,Pass
2.8,93.8,45.8,43.6,5.7,34.9,Fail
1.6,97.6,49.3,82.2,7.6,47.1,Fail
1.9,71.8,93.3,88.2,7.3,49.8,Fail
1.2,67.2,45.9,48.9,8.2,30.1,Fail
1.8,84.0,86.3,67.9,7.5,57.1,Pass
7.1,73.4,64.5,89.6,6.1,62.2,Pass
1.6,56.1,49.8,82.6,7.4,41.7,Fail
3.9,62.0,87.2,70.2,5.4,51.4,Pass
8.6,87.2,61.7,73.4,5.5,59.9,Pass
1.2,84.7,65.9,68.0,7.9,42.5,Fail
8.3,56.2,56.6,54.3,6.2,51.0,Pass
3.5,65.0,70.6,71.7,8.0,51.5,Pass
2.1,65.4,44.8,79.8,8.1,43.3,Fail
7.3,85.2,58.5,91.8,8.3,60.9,Pass
6.7,55.9,93.2,76.4,8.6,52.5,Pass
8.9,59.7,50.5,84.5,6.2,60.7,Pass
7.6,91.0,74.4,45.4,5.6,52.9,Pass
8.2,63.0,54.5,65.0,6.9,47.2,Fail
3.5,84.4,81.4,35.6,5.9,48.4,Fail
2.6,65.7,42.9,51.0,7.0,30.9,Fail
7.8,59.5,93.2,82.2,7.5,71.9,Pass
8.3,65.9,62.2,99.5,7.4,66.9,Pass
9.9,87.5,49.2,41.4,5.9,54.9,Pass
4.7,93.5,39.4,61.1,4.8,35.1,Fail
4.3,92.4,45.2,87.0,6.2,56.7,Pass
8.0,72.9,66.2,48.3,4.7,51.1,Pass
4.1,85.1,55.2,71.1,8.5,48.7,Fail
9.4,64.2,84.7,82.6,5.7,67.1,Pass
8.7,68.2,60.9,75.0,4.8,46.7,Fail
4.9,95.3,49.9,47.2,4.1,43.6,Fail
7.8,55.6,72.0,58.1,7.2,47.9,Fail
7.8,58.8,77.4,85.9,7.2,55.5,Pass
1.9,64.4,45.0,71.0,5.7,27.5,Fail
9.1,56.2,45.1,35.3,4.4,44.5,Fail
5.5,63.2,37.2,84.5,6.0,41.1,Fail
8.4,81.2,79.2,37.3,5.6,62.2,Pass
3.9,74.0,74.8,83.5,7.4,52.9,Pass
9.1,95.2,63.5,48.2,7.0,50.0,Pass
4.5,91.8,85.7,97.3,5.8,59.7,Pass
1.1,70.4,83.3,58.9,5.1,48.5,Fail
9.1,66.7,70.1,56.3,8.9,58.4,Pass
1.8,72.1,87.1,44.7,6.3,40.5,Fail
3.9,81.6,47.4,54.9,7.4,42.5,Fail
9.6,67.1,41.7,92.0,4.7,58.2,Pass
9.6,83.1,51.2,99.8,6.4,71.3,Pass
6.2,73.4,38.4,58.9,4.1,46.7,Fail
6.7,79.8,66.9,64.2,6.5,52.8,Pass
5.0,74.6,91.2,81.9,8.8,57.7,Pass
3.6,68.3,37.4,92.6,5.9,41.0,Fail
4.0,97.7,42.3,73.5,4.2,45.7,Fail
7.1,89.4,62.1,60.4,4.2,47.5,Fail
7.8,61.3,91.0,61.8,5.9,54.5,Pass
8.1,94.1,54.0,80.2,4.8,60.4,Pass
8.1,76.9,65.4,35.2,4.1,46.3,Fail
1.8,95.3,37.5,75.3,7.8,42.6,Fail
5.4,91.0,43.9,58.1,6.3,41.5,Fail
1.5,74.1,94.2,86.6,5.4,53.4,Pass
5.9,56.0,92.9,41.0,8.5,47.9,Fail
5.0,67.1,35.3,73.2,4.6,43.3,Fail
9.0,79.4,92.1,66.3,8.8,75.6,Pass
4.2,83.5,73.3,76.8,5.6,44.6,Fail
2.1,66.6,87.1,39.2,8.4,39.3,Fail
2.3,61.3,62.3,72.7,7.0,35.1,Fail
7.9,92.6,65.9,71.5,8.1,60.0,Pass
6.6,99.3,64.3,71.4,8.9,61.8,Pass
1.9,78.7,75.0,74.2,5.4,40.2,Fail
1.8,62.7,43.4,79.0,8.8,35.2,Fail
7.3,67.3,36.8,87.3,5.9,44.4,Fail
1.7,55.8,53.5,52.5,5.9,32.2,Fail
8.4,96.1,77.3,88.6,5.7,70.2,Pass
7.4,60.3,47.1,67.4,6.7,43.8,Fail
1.7,80.9,75.4,40.0,4.8,39.2,Fail
1.8,67.3,93.2,38.8,6.8,40.5,Fail
9.9,79.9,40.6,56.7,6.7,50.8,Pass
4.4,84.3,75.4,86.0,7.8,68.4,Pass
4.3,92.3,61.6,81.0,8.2,63.2,Pass
8.3,64.3,87.1,86.3,6.2,59.8,Pass
9.5,55.5,45.6,68.6,5.5,53.6,Pass
9.9,61.2,76.6,63.6,5.3,63.3,Pass
7.8,95.5,85.3,44.6,5.0,53.3,Pass
4.4,94.3,91.7,56.3,4.3,59.4,Pass
1.8,81.9,76.0,63.2,5.7,53.5,Pass
8.0,82.0,64.8,40.8,5.4,44.5,Fail
6.0,84.9,72.1,49.3,8.8,50.1,Pass
4.8,62.9,87.1,73.9,6.8,61.0,Pass
9.2,96.1,69.2,82.8,5.7,69.1,Pass
2.0,73.8,36.8,99.9,6.9,46.2,Fail
5.4,72.2,90.9,95.7,4.7,64.9,Pass
1.1,78.4,76.4,76.8,6.2,49.6,Fail
5.2,57.1,75.6,62.4,7.1,43.0,Fail
1.5,62.5,47.9,76.4,6.4,42.2,Fail
2.1,88.2,74.5,86.1,6.0,59.2,Pass
2.1,58.7,58.6,42.7,9.0,34.3,Fail
6.8,82.1,74.1,61.6,8.4,58.9,Pass
7.7,66.0,41.4,89.6,7.1,45.8,Fail
6.3,72.5,74.5,59.9,6.8,56.4,Pass
9.7,68.0,95.0,72.2,7.1,72.9,Pass
4.4,71.0,37.9,73.2,5.0,39.2,Fail
3.6,87.4,93.6,47.0,6.0,58.1,Pass
8.8,68.4,59.4,58.5,4.2,48.9,Fail
3.0,80.5,87.2,56.7,6.4,53.5,Pass
9.7,76.4,81.9,36.7,6.7,53.3,Pass
1.1,84.9,69.0,36.6,5.1,35.3,Fail
9.7,97.2,79.3,89.1,8.8,76.5,Pass
1.4,88.0,87.7,52.7,8.5,51.5,Pass
9.0,64.7,59.2,68.7,7.6,54.9,Pass
5.7,56.4,54.6,54.4,6.7,41.2,Fail
9.9,66.8,75.1,96.1,8.3,75.8,Pass
1.7,81.8,83.5,51.9,4.7,41.6,Fail
6.0,57.3,80.7,62.9,8.0,46.2,Fail
9.7,77.3,82.9,91.7,4.6,78.9,Pass
5.7,81.9,61.1,89.7,8.0,66.2,Pass
6.7,70.0,84.1,47.1,5.4,45.8,Fail
7.3,89.7,42.2,87.2,8.4,62.0,Pass
5.1,59.8,67.7,64.8,8.7,47.6,Fail
6.6,58.4,35.3,66.4,4.7,40.3,Fail
6.3,87.8,54.5,43.7,6.3,47.7,Fail
9.1,77.3,57.0,40.2,8.9,52.1,Pass
1.4,86.0,58.8,82.3,6.4,42.3,Fail
3.5,74.6,76.7,67.3,8.3,49.0,Fail
9.6,66.1,58.3,63.4,6.9,51.4,Pass
9.0,91.9,61.9,82.4,5.9,60.3,Pass
5.1,91.0,49.3,84.8,5.4,51.6,Pass
6.6,86.3,57.4,45.3,5.0,42.7,Fail
3.5,67.2,48.6,74.7,7.8,47.2,Fail
2.7,81.6,39.4,43.8,5.9,39.5,Fail
5.2,71.2,71.2,83.8,6.6,53.0,Pass
4.2,59.1,75.1,77.7,6.5,52.0,Pass
6.3,96.3,72.2,97.2,6.9,69.9,Pass
1.7,61.2,62.8,39.5,8.3,37.0,Fail
9.8,97.8,57.8,38.7,8.9,59.2,Pass
9.9,75.1,86.8,53.3,6.0,67.1,Pass
